FACTORY,CONSUMPTION,LR,VID,CND,PID,LRR (ppm)
Brasilia,320881,64,40,7,17,199.45088677734114
Chengdu,3935260,197,5,96,96,50.060224737374405
Kunshan,5399536,0,0,0,0,0.0
Mumbai,6376,2,1,0,1,313.6762860727729
Penang,152901,0,0,0,0,0.0
Suzhou,233441,0,0,0,0,0.0
Taoyuan,94254,4,4,0,0,42.4385171982091
