,WATT_LEVEL,CONSUMPTION,LR,VID,CND,PID,LRR (ppm)
0,High,394673,0,0,0,0,0.0
1,Low,5506533,192,46,64,82,46334812.654151365
2,Medium,4241443,75,4,39,32,26050973.308384817
