SUPPLIER,CONSUMPTION,LR,VID,CND,PID,LRR (ppm)
A,3078278,59,1,13,45,19.166560005301665
B,176734,57,40,7,10,322.5185872554234
C,1687936,13,1,1,11,7.701713809054372
D,1968742,72,1,38,33,36.57157717974219
E,3230959,66,7,44,15,20.427371563675056
