,LOB,CONSUMPTION,LR,VID,CND,PID,LRR (ppm)
0,Commercial,6057924,82,17,32,33,13.53599021711068
1,Consumer,4000296,185,33,71,81,46.24657775324626
2,Gaming,84429,0,0,0,0,0.0
